{
  "customer_age": {
    "mean": 33.68908,
    "std": 12.025798658443994
  },
  "income": {
    "mean": 0.5626956000000002,
    "std": 0.29034260114469257
  },
  "days_since_request": {
    "mean": 1.025705230995808,
    "std": 5.381834634593085
  },
  "zip_count_4w": {
    "mean": 1572.692049,
    "std": 1005.3745649573584
  },
  "velocity_6h": {
    "mean": 5665.296604795269,
    "std": 3009.380665329911
  },
  "velocity_24h": {
    "mean": 4769.781964962282,
    "std": 1479.2126120157122
  },
  "velocity_4w": {
    "mean": 4856.324015811874,
    "std": 919.8439342098833
  },
  "device_fraud_count": {
    "mean": 0.0,
    "std": 0.0
  },
  "proposed_credit_limit": {
    "mean": 515.85101,
    "std": 487.55990185477503
  },
  "session_length_in_minutes": {
    "mean": 7.544940201289998,
    "std": 8.03310636907315
  }
}